run_id,condition,vuln_id,detected
A1,A,V1,0
A1,A,V2,0
A1,A,V3,0
A1,A,V4,1
A1,A,V5,0
A1,A,V6,1
A1,A,V7,0
A1,A,V8,0
A1,A,V9,0
A1,A,V10,0
A1,A,V11,0
A1,A,V12,0
A1,A,V13,0
A1,A,V14,0
A1,A,V15,0
A1,A,V16,0
A1,A,V17,0
A1,A,V18,0
A2,A,V1,0
A2,A,V2,0
A2,A,V3,0
A2,A,V4,0
A2,A,V5,0
A2,A,V6,1
A2,A,V7,0
A2,A,V8,0
A2,A,V9,1
A2,A,V10,0
A2,A,V11,0
A2,A,V12,0
A2,A,V13,0
A2,A,V14,0
A2,A,V15,0
A2,A,V16,0
A2,A,V17,0
A2,A,V18,0
A3,A,V1,0
A3,A,V2,0
A3,A,V3,0
A3,A,V4,0
A3,A,V5,0
A3,A,V6,0
A3,A,V7,0
A3,A,V8,0
A3,A,V9,0
A3,A,V10,0
A3,A,V11,0
A3,A,V12,0
A3,A,V13,0
A3,A,V14,0
A3,A,V15,0
A3,A,V16,0
A3,A,V17,0
A3,A,V18,1
A4_rerun,A,V1,0
A4_rerun,A,V2,0
A4_rerun,A,V3,0
A4_rerun,A,V4,0
A4_rerun,A,V5,0
A4_rerun,A,V6,0
A4_rerun,A,V7,0
A4_rerun,A,V8,0
A4_rerun,A,V9,1
A4_rerun,A,V10,0
A4_rerun,A,V11,0
A4_rerun,A,V12,0
A4_rerun,A,V13,0
A4_rerun,A,V14,0
A4_rerun,A,V15,0
A4_rerun,A,V16,0
A4_rerun,A,V17,0
A4_rerun,A,V18,0
A5,A,V1,0
A5,A,V2,0
A5,A,V3,0
A5,A,V4,0
A5,A,V5,0
A5,A,V6,0
A5,A,V7,0
A5,A,V8,0
A5,A,V9,1
A5,A,V10,0
A5,A,V11,0
A5,A,V12,0
A5,A,V13,0
A5,A,V14,0
A5,A,V15,0
A5,A,V16,0
A5,A,V17,0
A5,A,V18,1
Aprime1,Aprime,V1,0
Aprime1,Aprime,V2,0
Aprime1,Aprime,V3,1
Aprime1,Aprime,V4,1
Aprime1,Aprime,V5,0
Aprime1,Aprime,V6,1
Aprime1,Aprime,V7,0
Aprime1,Aprime,V8,0
Aprime1,Aprime,V9,1
Aprime1,Aprime,V10,0
Aprime1,Aprime,V11,1
Aprime1,Aprime,V12,0
Aprime1,Aprime,V13,0
Aprime1,Aprime,V14,0
Aprime1,Aprime,V15,0
Aprime1,Aprime,V16,0
Aprime1,Aprime,V17,0
Aprime1,Aprime,V18,1
Aprime2,Aprime,V1,1
Aprime2,Aprime,V2,1
Aprime2,Aprime,V3,1
Aprime2,Aprime,V4,0
Aprime2,Aprime,V5,0
Aprime2,Aprime,V6,1
Aprime2,Aprime,V7,0
Aprime2,Aprime,V8,0
Aprime2,Aprime,V9,1
Aprime2,Aprime,V10,0
Aprime2,Aprime,V11,1
Aprime2,Aprime,V12,1
Aprime2,Aprime,V13,0
Aprime2,Aprime,V14,0
Aprime2,Aprime,V15,1
Aprime2,Aprime,V16,0
Aprime2,Aprime,V17,0
Aprime2,Aprime,V18,1
Aprime3,Aprime,V1,1
Aprime3,Aprime,V2,1
Aprime3,Aprime,V3,1
Aprime3,Aprime,V4,0
Aprime3,Aprime,V5,0
Aprime3,Aprime,V6,1
Aprime3,Aprime,V7,0
Aprime3,Aprime,V8,0
Aprime3,Aprime,V9,1
Aprime3,Aprime,V10,0
Aprime3,Aprime,V11,1
Aprime3,Aprime,V12,0
Aprime3,Aprime,V13,0
Aprime3,Aprime,V14,0
Aprime3,Aprime,V15,0
Aprime3,Aprime,V16,0
Aprime3,Aprime,V17,1
Aprime3,Aprime,V18,1
Aprime4,Aprime,V1,1
Aprime4,Aprime,V2,1
Aprime4,Aprime,V3,0
Aprime4,Aprime,V4,0
Aprime4,Aprime,V5,0
Aprime4,Aprime,V6,1
Aprime4,Aprime,V7,1
Aprime4,Aprime,V8,0
Aprime4,Aprime,V9,1
Aprime4,Aprime,V10,0
Aprime4,Aprime,V11,1
Aprime4,Aprime,V12,1
Aprime4,Aprime,V13,0
Aprime4,Aprime,V14,0
Aprime4,Aprime,V15,0
Aprime4,Aprime,V16,0
Aprime4,Aprime,V17,0
Aprime4,Aprime,V18,0
Aprime5,Aprime,V1,1
Aprime5,Aprime,V2,1
Aprime5,Aprime,V3,1
Aprime5,Aprime,V4,0
Aprime5,Aprime,V5,0
Aprime5,Aprime,V6,1
Aprime5,Aprime,V7,1
Aprime5,Aprime,V8,0
Aprime5,Aprime,V9,1
Aprime5,Aprime,V10,0
Aprime5,Aprime,V11,1
Aprime5,Aprime,V12,0
Aprime5,Aprime,V13,0
Aprime5,Aprime,V14,0
Aprime5,Aprime,V15,0
Aprime5,Aprime,V16,0
Aprime5,Aprime,V17,0
Aprime5,Aprime,V18,0
B1,B,V1,1
B1,B,V2,1
B1,B,V3,1
B1,B,V4,1
B1,B,V5,0
B1,B,V6,1
B1,B,V7,1
B1,B,V8,0
B1,B,V9,1
B1,B,V10,0
B1,B,V11,1
B1,B,V12,0
B1,B,V13,0
B1,B,V14,0
B1,B,V15,0
B1,B,V16,0
B1,B,V17,0
B1,B,V18,0
B2,B,V1,1
B2,B,V2,1
B2,B,V3,1
B2,B,V4,1
B2,B,V5,0
B2,B,V6,1
B2,B,V7,1
B2,B,V8,0
B2,B,V9,1
B2,B,V10,0
B2,B,V11,1
B2,B,V12,0
B2,B,V13,0
B2,B,V14,0
B2,B,V15,1
B2,B,V16,1
B2,B,V17,0
B2,B,V18,1
B3,B,V1,1
B3,B,V2,1
B3,B,V3,1
B3,B,V4,1
B3,B,V5,0
B3,B,V6,1
B3,B,V7,1
B3,B,V8,0
B3,B,V9,1
B3,B,V10,0
B3,B,V11,1
B3,B,V12,0
B3,B,V13,0
B3,B,V14,0
B3,B,V15,0
B3,B,V16,0
B3,B,V17,0
B3,B,V18,0
B4,B,V1,0
B4,B,V2,1
B4,B,V3,1
B4,B,V4,1
B4,B,V5,0
B4,B,V6,0
B4,B,V7,0
B4,B,V8,0
B4,B,V9,1
B4,B,V10,0
B4,B,V11,1
B4,B,V12,0
B4,B,V13,0
B4,B,V14,0
B4,B,V15,1
B4,B,V16,0
B4,B,V17,0
B4,B,V18,1
B5,B,V1,0
B5,B,V2,1
B5,B,V3,1
B5,B,V4,0
B5,B,V5,0
B5,B,V6,1
B5,B,V7,1
B5,B,V8,0
B5,B,V9,1
B5,B,V10,0
B5,B,V11,1
B5,B,V12,0
B5,B,V13,0
B5,B,V14,0
B5,B,V15,0
B5,B,V16,0
B5,B,V17,0
B5,B,V18,1
C1,C,V1,1
C1,C,V2,1
C1,C,V3,1
C1,C,V4,1
C1,C,V5,0
C1,C,V6,1
C1,C,V7,1
C1,C,V8,0
C1,C,V9,1
C1,C,V10,0
C1,C,V11,1
C1,C,V12,1
C1,C,V13,1
C1,C,V14,1
C1,C,V15,0
C1,C,V16,1
C1,C,V17,1
C1,C,V18,1
C2,C,V1,1
C2,C,V2,1
C2,C,V3,0
C2,C,V4,1
C2,C,V5,0
C2,C,V6,1
C2,C,V7,1
C2,C,V8,0
C2,C,V9,1
C2,C,V10,1
C2,C,V11,1
C2,C,V12,1
C2,C,V13,1
C2,C,V14,1
C2,C,V15,1
C2,C,V16,1
C2,C,V17,1
C2,C,V18,0
C3,C,V1,1
C3,C,V2,1
C3,C,V3,1
C3,C,V4,1
C3,C,V5,0
C3,C,V6,1
C3,C,V7,1
C3,C,V8,0
C3,C,V9,1
C3,C,V10,0
C3,C,V11,1
C3,C,V12,0
C3,C,V13,0
C3,C,V14,1
C3,C,V15,0
C3,C,V16,1
C3,C,V17,1
C3,C,V18,0
C4,C,V1,1
C4,C,V2,1
C4,C,V3,1
C4,C,V4,1
C4,C,V5,0
C4,C,V6,1
C4,C,V7,0
C4,C,V8,1
C4,C,V9,1
C4,C,V10,0
C4,C,V11,1
C4,C,V12,1
C4,C,V13,1
C4,C,V14,1
C4,C,V15,0
C4,C,V16,1
C4,C,V17,1
C4,C,V18,1
C5,C,V1,1
C5,C,V2,1
C5,C,V3,1
C5,C,V4,1
C5,C,V5,0
C5,C,V6,1
C5,C,V7,1
C5,C,V8,0
C5,C,V9,1
C5,C,V10,0
C5,C,V11,1
C5,C,V12,1
C5,C,V13,0
C5,C,V14,1
C5,C,V15,0
C5,C,V16,1
C5,C,V17,1
C5,C,V18,1
